{
    "A":1.78554752e+02,
    "B":-9.26512590e-04,
    "C":1.16082489e+00
}
